Title,Date
"The Vampire Diaries: Seizoen 8: Today Will Be Different","4/09/20"
"The Vampire Diaries: Seizoen 8: Hello, Brother","4/09/20"
"The Vampire Diaries: Seizoen 7: Gods and Monsters","4/09/20"
"The Vampire Diaries: Seizoen 7: Requiem for a Dream","3/09/20"
"The Vampire Diaries: Seizoen 7: Kill 'Em All","3/09/20"
"The Vampire Diaries: Seizoen 7: Somebody That I Used to Know","3/09/20"
"The Vampire Diaries: Seizoen 7: One Way or Another","3/09/20"
"The Vampire Diaries: Seizoen 7: I Went to the Woods","2/09/20"
"The Vampire Diaries: Seizoen 7: Days of Future Past","2/09/20"
"The Vampire Diaries: Seizoen 7: I Would for You","2/09/20"
"The Vampire Diaries: Seizoen 7: Moonlight on the Bayou","2/09/20"
"The Vampire Diaries: Seizoen 7: This Woman's Work","1/09/20"
"The Vampire Diaries: Seizoen 7: Postcards from the Edge","1/09/20"
"The Vampire Diaries: Seizoen 7: Things We Lost in the Fire","1/09/20"
"Avatar: The Last Airbender: Boek 1: De jongen in de ijsberg","1/09/20"
"The Vampire Diaries: Seizoen 7: Hell Is Other People","1/09/20"
"The Vampire Diaries: Seizoen 7: Cold as Ice","1/09/20"
"The Vampire Diaries: Seizoen 7: Hold Me, Thrill Me, Kiss Me, Kill Me","31/08/20"
"The Vampire Diaries: Seizoen 7: Mommie Dearest","31/08/20"
"The Vampire Diaries: Seizoen 7: Best Served Cold","30/08/20"
"The Vampire Diaries: Seizoen 7: Live Through This","30/08/20"
"Verschrikkelijke Ikke 2","29/08/20"
"The Kissing Booth 2","28/08/20"
"The Vampire Diaries: Seizoen 7: I Carry Your Heart with Me","28/08/20"
"The Vampire Diaries: Seizoen 7: Age of Innocence","27/08/20"
"The Vampire Diaries: Seizoen 3: The Departed","27/08/20"
"Work It","27/08/20"
"The Vampire Diaries: Seizoen 7: Never Let Me Go","27/08/20"
"The Vampire Diaries: Seizoen 7: Day One of Twenty-Two Thousand, Give or Take","27/08/20"
"The Vampire Diaries: Seizoen 6: I'm Thinking of You All the While","27/08/20"
"Verschrikkelijke ikke","26/08/20"
"The Vampire Diaries: Seizoen 6: I'll Wed You in the Golden Summertime","26/08/20"
"The Vampire Diaries: Seizoen 6: I'd Leave My Happy Home for You","26/08/20"
"The Vampire Diaries: Seizoen 6: Because","25/08/20"
"The Vampire Diaries: Seizoen 6: I Never Could Love Like That","25/08/20"
"The Vampire Diaries: Seizoen 6: A Bird in a Gilded Cage","25/08/20"
"The Vampire Diaries: Seizoen 6: The Downward Spiral","25/08/20"
"The Vampire Diaries: Seizoen 6: Let Her Go","24/08/20"
"The Vampire Diaries: Seizoen 6: Stay","24/08/20"
"The Vampire Diaries: Seizoen 6: The Day I Tried to Live","24/08/20"
"The Vampire Diaries: Seizoen 6: Prayer for the Dying","23/08/20"
"The Vampire Diaries: Seizoen 6: Woke Up with a Monster","23/08/20"
"The Vampire Diaries: Seizoen 6: Christmas Through Your Eyes","23/08/20"
"The Vampire Diaries: Seizoen 6: I Alone","23/08/20"
"A Star Is Born","22/08/20"
"The Vampire Diaries: Seizoen 6: Fade into You","22/08/20"
"The Vampire Diaries: Seizoen 6: Do You Remember the First Time?","22/08/20"
"The Vampire Diaries: Seizoen 6: The More You Ignore Me, the Closer I Get","21/08/20"
"The Vampire Diaries: Seizoen 6: The World has Turned and Left Me Here","21/08/20"
"The Vampire Diaries: Seizoen 6: Black Hole Sun","21/08/20"
"The Vampire Diaries: Seizoen 6: Welcome to Paradise","21/08/20"
"The Vampire Diaries: Seizoen 6: Yellow Ledbetter","21/08/20"
"The Vampire Diaries: Seizoen 6: I'll Remember","20/08/20"
"The Vampire Diaries: Seizoen 5: Home","20/08/20"
"The Vampire Diaries: Seizoen 5: Gelobtes Land","19/08/20"
"The Vampire Diaries: Seizoen 5: What Lies Beneath","19/08/20"
"The Vampire Diaries: Seizoen 5: Man on Fire","19/08/20"
"The Vampire Diaries: Seizoen 5: Resident Evil","19/08/20"
"The Vampire Diaries: Seizoen 5: Rescue Me","19/08/20"
"The Vampire Diaries: Seizoen 5: While You Were Sleeping","18/08/20"
"The Vampire Diaries: Seizoen 5: Gone Girl","18/08/20"
"The Vampire Diaries: Seizoen 5: No Exit","18/08/20"
"The Vampire Diaries: Seizoen 5: Total Eclipse of the Heart","18/08/20"
"The Vampire Diaries: Seizoen 5: The Devil Inside","17/08/20"
"The Vampire Diaries: Seizoen 5: 500 Years of Solitude","17/08/20"
"The Vampire Diaries: Seizoen 5: Fifty Shades of Grayson","17/08/20"
"The Vampire Diaries: Seizoen 5: The Cell","17/08/20"
"The Vampire Diaries: Seizoen 5: Dead Man on Campus","17/08/20"
"(Un)Well: Seizoen 1: Fasting","17/08/20"
"The Vampire Diaries: Seizoen 5: Death and the Maiden","16/08/20"
"Project Power","15/08/20"
"The Vampire Diaries: Seizoen 5: Handle With Care","15/08/20"
"The Vampire Diaries: Seizoen 5: Monster's Ball","15/08/20"
"Focus","14/08/20"
"The Vampire Diaries: Seizoen 5: For Whom the Bell Tolls","14/08/20"
"The Vampire Diaries: Seizoen 5: Original Sin","14/08/20"
"The Vampire Diaries: Seizoen 5: True Lies","14/08/20"
"The Vampire Diaries: Seizoen 5: I Know What You Did Last Summer","14/08/20"
"The Vampire Diaries: Seizoen 4: Graduation","13/08/20"
"The Vampire Diaries: Seizoen 4: The Walking Dead","13/08/20"
"The Vampire Diaries: Seizoen 4: She's Come Undone","13/08/20"
"The Vampire Diaries: Seizoen 4: The Originals","13/08/20"
"Snowpiercer: Seizoen 1: Access Is Power","12/08/20"
"The Vampire Diaries: Seizoen 4: Pictures of You","12/08/20"
"The Vampire Diaries: Seizoen 4: American Gothic","12/08/20"
"The Vampire Diaries: Seizoen 4: Because the Night","12/08/20"
"Snowpiercer: Seizoen 1: Prepare to Brace","11/08/20"
"The Vampire Diaries: Seizoen 4: Bring It On","11/08/20"
"Snowpiercer: Seizoen 1: First, the Weather Changed","11/08/20"
"The Umbrella Academy: Seizoen 1: We Only See Each Other at Weddings and Funerals","11/08/20"
"The Vampire Diaries: Seizoen 4: Stand By Me","11/08/20"
"The Vampire Diaries: Seizoen 4: Down the Rabbit Hole","11/08/20"
"The Vampire Diaries: Seizoen 4: Into the Wild","11/08/20"
"The Vampire Diaries: Seizoen 4: A View to a Kill","11/08/20"
"The Vampire Diaries: Seizoen 4: Catch Me If You Can","10/08/20"
"The Vampire Diaries: Seizoen 4: After School Special","8/08/20"
"The Vampire Diaries: Seizoen 4: O Come, All Ye Faithful","8/08/20"
"The Vampire Diaries: Seizoen 4: We'll Always Have Bourbon Street","8/08/20"
"The Vampire Diaries: Seizoen 4: My Brother's Keeper","8/08/20"
"The Vampire Diaries: Seizoen 4: We All Go a Little Mad Sometimes","7/08/20"
"The Vampire Diaries: Seizoen 4: The Killer","7/08/20"
"The Vampire Diaries: Seizoen 4: The Five","6/08/20"
"The Vampire Diaries: Seizoen 4: The Rager","6/08/20"
"The Vampire Diaries: Seizoen 4: Memorial","6/08/20"
"The Vampire Diaries: Seizoen 4: Growing Pains","6/08/20"
"The Vampire Diaries: Seizoen 3: Before Sunset","5/08/20"
"The Vampire Diaries: Seizoen 3: Do Not Go Gentle","4/08/20"
"The Vampire Diaries: Seizoen 3: Heart of Darkness","4/08/20"
"The Vampire Diaries: Seizoen 3: The Murder of One","4/08/20"
"The Vampire Diaries: Seizoen 3: Break On Through","4/08/20"
"The Vampire Diaries: Seizoen 3: 1912","4/08/20"
"The Vampire Diaries: Seizoen 3: All My Children","3/08/20"
"The Vampire Diaries: Seizoen 3: Dangerous Liaisons","3/08/20"
"The Vampire Diaries: Seizoen 3: Bringing Out the Dead","3/08/20"
"The Vampire Diaries: Seizoen 3: The Ties That Bind","3/08/20"
"The Vampire Diaries: Seizoen 3: Our Town","3/08/20"
"The Vampire Diaries: Seizoen 3: The New Deal","2/08/20"
"The Vampire Diaries: Seizoen 3: Homecoming","2/08/20"
"The Vampire Diaries: Seizoen 3: Ordinary People","1/08/20"
"The Vampire Diaries: Seizoen 3: Ghost World","1/08/20"
"The Vampire Diaries: Seizoen 3: Smells Like Teen Spirit","31/07/20"
"The Vampire Diaries: Seizoen 3: The Reckoning","31/07/20"
"The Vampire Diaries: Seizoen 3: Disturbing Behavior","31/07/20"
"The Vampire Diaries: Seizoen 3: The Birthday","30/07/20"
"The Vampire Diaries: Seizoen 2: As I Lay Dying","30/07/20"
"The Vampire Diaries: Seizoen 3: The End of the Affair","30/07/20"
"The Vampire Diaries: Seizoen 3: The Hybrid","30/07/20"
"The Vampire Diaries: Seizoen 2: The Sun Also Rises","30/07/20"
"The Vampire Diaries: Seizoen 2: The Last Day","30/07/20"
"The Lord of the Rings: The Return of the King","29/07/20"
"The Vampire Diaries: Seizoen 2: Klaus","29/07/20"
"The Vampire Diaries: Seizoen 2: The Last Dance","29/07/20"
"The Vampire Diaries: Seizoen 2: Know Thy Enemy","29/07/20"
"The Vampire Diaries: Seizoen 2: The House Guest","28/07/20"
"The Vampire Diaries: Seizoen 2: The Dinner Party","28/07/20"
"The Vampire Diaries: Seizoen 2: Crying Wolf","28/07/20"
"The Lord of the Rings: The Two Towers","27/07/20"
"The Vampire Diaries: Seizoen 2: Daddy Issues","27/07/20"
"The Vampire Diaries: Seizoen 2: The Descent","27/07/20"
"The Vampire Diaries: Seizoen 2: By the Light of the Moon","27/07/20"
"The Vampire Diaries: Seizoen 2: The Sacrifice","27/07/20"
"The Vampire Diaries: Seizoen 2: Katerina","26/07/20"
"The Vampire Diaries: Seizoen 2: Rose","26/07/20"
"The Vampire Diaries: Seizoen 2: Masquerade","26/07/20"
"The Vampire Diaries: Seizoen 2: Plan B","26/07/20"
"The Vampire Diaries: Seizoen 2: Kill or Be Killed","25/07/20"
"The Vampire Diaries: Seizoen 2: Memory Lane","25/07/20"
"The Vampire Diaries: Seizoen 2: Bad Moon Rising","25/07/20"
"The Vampire Diaries: Seizoen 2: Brave New World","25/07/20"
"The Vampire Diaries: Seizoen 2: The Return","25/07/20"
"The Vampire Diaries: Seizoen 1: Founder's Day","25/07/20"
"The Vampire Diaries: Seizoen 1: Isobel","24/07/20"
"The Vampire Diaries: Seizoen 1: Blood Brothers","24/07/20"
"The Vampire Diaries: Seizoen 1: Miss Mystic Falls","24/07/20"
"The Vampire Diaries: Seizoen 1: Under Control","24/07/20"
"The Vampire Diaries: Seizoen 1: Let the Right One In","23/07/20"
"The Vampire Diaries: Seizoen 1: There Goes the Neighborhood","23/07/20"
"The Vampire Diaries: Seizoen 1: A Few Good Men","23/07/20"
"The Vampire Diaries: Seizoen 1: Fool Me Once","22/07/20"
"The Vampire Diaries: Seizoen 1: Children of the Damned","22/07/20"
"The Vampire Diaries: Seizoen 1: Unpleasantville","22/07/20"
"The Vampire Diaries: Seizoen 1: Bloodlines","22/07/20"
"The Vampire Diaries: Seizoen 1: The Turning Point","22/07/20"
"The Vampire Diaries: Seizoen 1: History Repeating","22/07/20"
"The Vampire Diaries: Seizoen 1: 162 Candles","22/07/20"
"The Vampire Diaries: Seizoen 1: Haunted","22/07/20"
"The Lord of the Rings: The Fellowship of the Ring","21/07/20"
"The Vampire Diaries: Seizoen 1: Lost Girls","17/07/20"
"Snowpiercer: Seizoen 1: 994 Cars Long","16/07/20"
"Snowpiercer: Seizoen 1: The Train Demanded Blood","16/07/20"
"The Old Guard","16/07/20"
"The Vampire Diaries: Seizoen 1: You're Undead to Me","16/07/20"
"The Vampire Diaries: Seizoen 1: Family Ties","16/07/20"
"The Vampire Diaries: Seizoen 1: Friday Night Bites","16/07/20"
"The Vampire Diaries: Seizoen 1: The Night of the Comet","16/07/20"
"The Vampire Diaries: Seizoen 1: Pilot","15/07/20"
"The 100: Seizoen 7: Anaconda","15/07/20"
"Down to Earth with Zac Efron: Seizoen 1: Iceland","13/07/20"
"The Hangover","11/07/20"
"Unsolved Mysteries: Volume 1: Berkshires UFO","10/07/20"
"Unsolved Mysteries: Volume 1: Missing Witness","9/07/20"
"Unsolved Mysteries: Volume 1: No Ride Home","8/07/20"
"The 100: Seizoen 7: The Queen's Gambit","8/07/20"
"Las chicas del cable: Laatste seizoen: Deel 2: Hoofdstuk 42: Het einde","8/07/20"
"Wasp Network","7/07/20"
"Las chicas del cable: Laatste seizoen: Deel 2: Hoofdstuk 41: Nederlaag","7/07/20"
"Snowpiercer: Seizoen 1: These Are His Revolutions","6/07/20"
"Las chicas del cable: Laatste seizoen: Deel 2: Hoofdstuk 40: Pijn","5/07/20"
"Las chicas del cable: Laatste seizoen: Deel 2: Hoofdstuk 39: Geduld","5/07/20"
"Las chicas del cable: Laatste seizoen: Deel 2: Hoofdstuk 38: Macht","5/07/20"
"Unsolved Mysteries: Volume 1: House of Terror","2/07/20"
"Unsolved Mysteries: Volume 1: 13 Minutes","1/07/20"
"Unsolved Mysteries: Volume 1: Mystery on the Rooftop","1/07/20"
"The 100: Seizoen 7: Nakara","1/07/20"
"Space Force: Seizoen 1: PROPORTIONATE RESPONSE","30/06/20"
"Space Force: Seizoen 1: IT’S GOOD TO BE BACK ON THE MOON","30/06/20"
"Space Force: Seizoen 1: CONJUGAL VISIT","30/06/20"
"Snowpiercer: Seizoen 1: The Universe Is Indifferent","29/06/20"
"Space Force: Seizoen 1: EDISON JAYMES","29/06/20"
"Space Force: Seizoen 1: THE SPY","29/06/20"
"The Founder","27/06/20"
"Balle perdue","27/06/20"
"Snowpiercer: Seizoen 1: Trouble Comes Sideways","26/06/20"
"Space Force: Seizoen 1: SPACE FLAG","24/06/20"
"Space Force: Seizoen 1: LUNAR HABITAT","24/06/20"
"Space Force: Seizoen 1: MARK AND MALLORY GO TO WASHINGTON","24/06/20"
"Space Force: Seizoen 1: SAVE EPSILON 6!","24/06/20"
"Space Force: Seizoen 1: THE LAUNCH","24/06/20"
"Snowpiercer: Seizoen 1: Justice Never Boarded","23/06/20"
"Snowpiercer: Seizoen 1: Without Their Maker","23/06/20"
"The 100: Seizoen 7: Welcome to Bardo","23/06/20"
"The 100: Seizoen 7: Hesperides","16/06/20"
"Dangerous Lies","12/06/20"
"The 100: Seizoen 7: False Gods","12/06/20"
"The 100: Seizoen 7: The Garden","10/06/20"
"13 Reasons Why: Seizoen 4: Graduation","9/06/20"
"13 Reasons Why: Seizoen 4: Prom","8/06/20"
"13 Reasons Why: Seizoen 4: Acceptance/Rejection","8/06/20"
"13 Reasons Why: Seizoen 4: College Interview","8/06/20"
"13 Reasons Why: Seizoen 4: Thursday","7/06/20"
"13 Reasons Why: Seizoen 4: House Party","7/06/20"
"13 Reasons Why: Seizoen 4: Senior Camping Trip","6/06/20"
"13 Reasons Why: Seizoen 4: Valentine's Day","6/06/20"
"13 Reasons Why: Seizoen 4: College Tour","5/06/20"
"13 Reasons Why: Seizoen 4: Winter Break","5/06/20"
"White Lines: Seizoen 1: Aflevering 10","1/06/20"
"White Lines: Seizoen 1: Aflevering 9","1/06/20"
"White Lines: Seizoen 1: Aflevering 8","31/05/20"
"White Lines: Seizoen 1: Aflevering 7","30/05/20"
"The 100: Seizoen 7: From the Ashes","30/05/20"
"White Lines: Seizoen 1: Aflevering 6","29/05/20"
"Unnatural Selection: Limited Serie: Cut, Paste, Life","29/05/20"
"The Search for Life in Space","29/05/20"
"White Lines: Seizoen 1: Aflevering 5","28/05/20"
"White Lines: Seizoen 1: Aflevering 4","28/05/20"
"Jeffrey Epstein: Filthy Rich: Limited Serie: Hunting Grounds","28/05/20"
"White Lines: Seizoen 1: Aflevering 3","27/05/20"
"White Lines: Seizoen 1: Aflevering 2","27/05/20"
"White Lines: Seizoen 1: Aflevering 1","24/05/20"
"Too Hot to Handle: Seizoen 1: Extra Hot: The Reunion","23/05/20"
"Dead to Me: Seizoen 2: Where Do We Go From Here","22/05/20"
"Dead to Me: Seizoen 2: It's Not You, It's Me","22/05/20"
"Dead to Me: Seizoen 2: It Had To Be You","22/05/20"
"Dead to Me: Seizoen 2: If Only You Knew","21/05/20"
"Dead to Me: Seizoen 2: You Don't Have To","20/05/20"
"Dead to Me: Seizoen 2: The Price You Pay","20/05/20"
"Dead to Me: Seizoen 2: Between You And Me","20/05/20"
"Dead to Me: Seizoen 2: You Can't Live Like This","19/05/20"
"Dead to Me: Seizoen 2: Where Have You Been","18/05/20"
"Dead to Me: Seizoen 2: You Know What You Did","13/05/20"
"Riverdale: Seizoen 4: Hoofdstuk 76: Killing Mr. Honey","13/05/20"
"Extraction","9/05/20"
"Ocean's 8","9/05/20"
"Russian Doll: Seizoen 1: Ariadne","9/05/20"
"Russian Doll: Seizoen 1: The Way Out","9/05/20"
"Russian Doll: Seizoen 1: Reflection","9/05/20"
"Russian Doll: Seizoen 1: Superiority Complex","9/05/20"
"Russian Doll: Seizoen 1: Alan's Routine","9/05/20"
"Russian Doll: Seizoen 1: A Warm Body","9/05/20"
"Russian Doll: Seizoen 1: The Great Escape","8/05/20"
"Russian Doll: Seizoen 1: Nothing in This World Is Easy","7/05/20"
"La casa de las flores: Seizoen 1: CHRYSANT (symbool van pijn)","7/05/20"
"La casa de las flores: Seizoen 1: NARCIS (symbool van leugens)","2/05/20"
"Riverdale: Seizoen 4: Hoodstuk 75: Lynchian","2/05/20"
"La casa de papel: Deel 4: Game over","29/04/20"
"Summertime: Seizoen 1: Ik haat de zomer","29/04/20"
"Prison Break: Seizoen 1: Cell Test","29/04/20"
"Betonrausch","25/04/20"
"Too Hot to Handle: Seizoen 1: Lust or Bust","25/04/20"
"Too Hot to Handle: Seizoen 1: Sisters over Misters","23/04/20"
"Too Hot to Handle: Seizoen 1: The Bryce Isn't Right","23/04/20"
"Too Hot to Handle: Seizoen 1: Boys to Men","22/04/20"
"Too Hot to Handle: Seizoen 1: Two's Company, Three's a ... Threesome","22/04/20"
"Too Hot to Handle: Seizoen 1: Revenge Is a Dish Best Served Hot","22/04/20"
"Riverdale: Seizoen 4: Hoofdstuk 74: Wicked Little Town","21/04/20"
"Too Hot to Handle: Seizoen 1: When Harry Met Francesca","20/04/20"
"Too Hot to Handle: Seizoen 1: Love, Sex or Money","20/04/20"
"Toy Boy: Seizoen 1: Gevallen engelen","18/04/20"
"Toy Boy: Seizoen 1: Verlossing","18/04/20"
"Toy Boy: Seizoen 1: Jonge hond","18/04/20"
"The Circle Game: Seizoen 1: Hallo, Circle","18/04/20"
"Prison Break: Seizoen 1: Allen","18/04/20"
"Toy Boy: Seizoen 1: Polaroids","17/04/20"
"Toy Boy: Seizoen 1: Moederliefde","16/04/20"
"Toy Boy: Seizoen 1: De enige getuige","15/04/20"
"Toy Boy: Seizoen 1: Maskerade","15/04/20"
"Toy Boy: Seizoen 1: Einde van de tunnel","14/04/20"
"Toy Boy: Seizoen 1: De hartslag van de moordenaar","14/04/20"
"Toy Boy: Seizoen 1: Exit","14/04/20"
"Prison Break: Seizoen 1: Pilotaflevering","13/04/20"
"Toy Boy: Seizoen 1: Het laatste oordeel","12/04/20"
"Toy Boy: Seizoen 1: Tussen de doden","11/04/20"
"Toy Boy: Seizoen 1: Pilotaflevering","11/04/20"
"La casa de papel: El fenómeno","9/04/20"
"La casa de papel: Deel 4: Plan Parijs","8/04/20"
"La casa de papel: Deel 4: Breek de tent af","8/04/20"
"La casa de papel: Deel 4: TKO","7/04/20"
"La casa de papel: Deel 4: 5 minuten eerder","7/04/20"
"La casa de papel: Deel 4: Paso doble","7/04/20"
"La casa de papel: Deel 4: Anatomische les","6/04/20"
"La casa de papel: Deel 4: Berlijns bruiloft","4/04/20"
"Vivir sin permiso: Seizoen 2: Voordat ik ga","29/03/20"
"Vivir sin permiso: Seizoen 2: Een duistere plek","28/03/20"
"Vivir sin permiso: Seizoen 2: Het minst van twee kwaden","28/03/20"
"Vivir sin permiso: Seizoen 2: Zand erover","27/03/20"
"Vivir sin permiso: Seizoen 2: De laatste lossing","27/03/20"
"The Most Unknown","27/03/20"
"Vivir sin permiso: Seizoen 2: De eerste fout","26/03/20"
"Vivir sin permiso: Seizoen 2: De gekooide leeuw","25/03/20"
"Vivir sin permiso: Seizoen 2: Geloof in me","24/03/20"
"Vivir sin permiso: Seizoen 2: Eenzame koning","23/03/20"
"Vivir sin permiso: Seizoen 2: Duizend redenen om niet terug te komen","22/03/20"
"The Purge: Election Year","21/03/20"
"Élite: Seizoen 3: Polo","20/03/20"
"Élite: Seizoen 3: Nadia en Omar","20/03/20"
"Élite: Seizoen 3: Rebeca","20/03/20"
"Élite: Seizoen 3: Ander","20/03/20"
"Riverdale: Seizoen 4: Hoofdstuk 73: The Locked Room","18/03/20"
"Élite: Seizoen 3: Lu","16/03/20"
"Élite: Seizoen 3: Cayetana en Valerio","15/03/20"
"Élite: Seizoen 3: Samuel en Guzmán","15/03/20"
"Bad Neighbours 2","14/03/20"
"Élite: Seizoen 3: Carla","14/03/20"
"MINDHUNTER: Seizoen 2: Aflevering 9","12/03/20"
"MINDHUNTER: Seizoen 2: Aflevering 8","12/03/20"
"MINDHUNTER: Seizoen 2: Aflevering 7","11/03/20"
"MINDHUNTER: Seizoen 2: Aflevering 6","9/03/20"
"MINDHUNTER: Seizoen 2: Aflevering 5","5/03/20"
"Riverdale: Seizoen 4: Hoofdstuk 72: To Die For","5/03/20"
"Queen of the South: Seizoen 3: El Mundo","4/03/20"
"The Beginning and End of the Universe: Seizoen 1: Aflevering 2","2/03/20"
"The Beginning and End of the Universe: Seizoen 1: Aflevering 1","2/03/20"
"Queen of the South: Seizoen 3: Justicia","1/03/20"
"Queen of the South: Seizoen 3: Diez de Copas","1/03/20"
"Queen of the South: Seizoen 3: La Muerte","1/03/20"
"Queen of the South: Seizoen 3: El Diablo","1/03/20"
"Queen of the South: Seizoen 3: El Carro","1/03/20"
"The Last Thing He Wanted","29/02/20"
"MINDHUNTER: Seizoen 2: Aflevering 4","28/02/20"
"Queen of the South: Seizoen 3: Reina de Espadas","27/02/20"
"Queen of the South: Seizoen 3: Los Enamorados","27/02/20"
"Riverdale: Seizoen 4: Hoofdstuk 71: How To Get Away With Murder","27/02/20"
"Queen of the South: Seizoen 3: El Juicio","26/02/20"
"Queen of the South: Seizoen 3: La Fuerza","26/02/20"
"Queen of the South: Seizoen 3: Reina de Oros","26/02/20"
"Queen of the South: Seizoen 3: El Colgado","25/02/20"
"Queen of the South: Seizoen 3: La Ermitana","25/02/20"
"Las chicas del cable: Laatste seizoen: Deel 1: Hoofdstuk 37: Waanzin","25/02/20"
"Las chicas del cable: Laatste seizoen: Deel 1: Hoofdstuk 36: Controle","25/02/20"
"Las chicas del cable: Laatste seizoen: Deel 1: Hoofdstuk 35: Moed","25/02/20"
"Las chicas del cable: Laatste seizoen: Deel 1: Hoofdstuk 34: Haat","25/02/20"
"Las chicas del cable: Laatste seizoen: Deel 1: Hoofdstuk 33: Oorlog","25/02/20"
"To All the Boys: P.S. I Still Love You","24/02/20"
"Queen of the South: Seizoen 2: La última hora mata","23/02/20"
"Queen of the South: Seizoen 2: Todas las horas hieren","23/02/20"
"Queen of the South: Seizoen 2: La Noche Oscura del Alma","23/02/20"
"Queen of the South: Seizoen 2: Que manden a los payasos","23/02/20"
"Queen of the South: Seizoen 2: Solo el Amor de una Madre","23/02/20"
"Queen of the South: Seizoen 2: Sacar con sifón el mar","21/02/20"
"Queen of the South: Seizoen 2: El Precio de Fe","21/02/20"
"Queen of the South: Seizoen 2: El Camino de la Muerte","21/02/20"
"Queen of the South: Seizoen 2: El Nacimiento de Bolivia","20/02/20"
"Queen of the South: Seizoen 2: El Beso de Judas","20/02/20"
"MINDHUNTER: Seizoen 2: Aflevering 3","20/02/20"
"MINDHUNTER: Seizoen 2: Aflevering 2","19/02/20"
"MINDHUNTER: Seizoen 2: Aflevering 1","19/02/20"
"MINDHUNTER: Seizoen 1: Aflevering 10","19/02/20"
"Queen of the South: Seizoen 2: Un pacto con el diablo","18/02/20"
"Queen of the South: Seizoen 2: Dios y el abogado","17/02/20"
"MINDHUNTER: Seizoen 1: Aflevering 9","17/02/20"
"MINDHUNTER: Seizoen 1: Aflevering 8","17/02/20"
"Lo Spietato","16/02/20"
"Queen of the South: Seizoen 2: El Cuerpo de Cristo","14/02/20"
"Queen of the South: Seizoen 1: Cicatriz","14/02/20"
"Queen of the South: Seizoen 1: Quinientos Mil","14/02/20"
"Queen of the South: Seizoen 1: Punto Sin Retorno","14/02/20"
"MINDHUNTER: Seizoen 1: Aflevering 7","14/02/20"
"MINDHUNTER: Seizoen 1: Aflevering 6","13/02/20"
"MINDHUNTER: Seizoen 1: Aflevering 5","13/02/20"
"Riverdale: Seizoen 4: Hoofdstuk 70: The Ides of March","13/02/20"
"MINDHUNTER: Seizoen 1: Aflevering 4","12/02/20"
"MINDHUNTER: Seizoen 1: Aflevering 3","12/02/20"
"MINDHUNTER: Seizoen 1: Aflevering 2","11/02/20"
"MINDHUNTER: Seizoen 1: Aflevering 1","10/02/20"
"The Crown: Seizoen 3: Margaretology","10/02/20"
"Moonlight","9/02/20"
"Marriage Story","9/02/20"
"Queen of the South: Seizoen 1: Esta cosa nuestra","9/02/20"
"Ricky Gervais: Humanity","9/02/20"
"Queen of the South: Seizoen 1: Toma todo lo que puedas","9/02/20"
"Queen of the South: Seizoen 1: Billete De Magia","8/02/20"
"Queen of the South: Seizoen 1: El Hombre Pájaro","8/02/20"
"Queen of the South: Seizoen 1: El Engaño Como la Regla","8/02/20"
"Queen of the South: Seizoen 1: Un alma, un mapa, a futuro","8/02/20"
"Uncut Gems","8/02/20"
"Unacknowledged","7/02/20"
"Riverdale: Seizoen 4: Hoofdstuk 69: Men of Honor","6/02/20"
"Riverdale: Seizoen 4: Hoofdstuk 68: Quiz Show","5/02/20"
"Riverdale: Seizoen 4: Hoofdstuk 67: Varsity Blues","5/02/20"
"Queen of the South: Seizoen 1: Lirio De Los Valles","4/02/20"
"Queen of the South: Seizoen 1: Estrategia De Entrada","3/02/20"
"Queen of the South: Seizoen 1: Cuarenta Minutos","3/02/20"
"Queen of the South: Seizoen 1: Pilto","3/02/20"
"Sex Education: Seizoen 2: Aflevering 8","2/02/20"
"Sex Education: Seizoen 2: Aflevering 7","1/02/20"
"Sex Education: Seizoen 2: Aflevering 6","1/02/20"
"Sex Education: Seizoen 2: Aflevering 5","1/02/20"
"A Fall from Grace","30/01/20"
"Cheer: Seizoen 1: Daytona","29/01/20"
"American Son","29/01/20"
"Paradise Beach","29/01/20"
"6 Underground","29/01/20"
"Cheer: Seizoen 1: Full Out","27/01/20"
"Sex Education: Seizoen 2: Aflevering 4","26/01/20"
"Sex Education: Seizoen 2: Aflevering 3","26/01/20"
"Sex Education: Seizoen 2: Aflevering 2","25/01/20"
"Sex Education: Seizoen 2: Aflevering 1","25/01/20"
"Cheer: Seizoen 1: Hit Zero","24/01/20"
"The Two Popes","23/01/20"
"Cheer: Seizoen 1: Blood, Sweat and Cheers","23/01/20"
"Cheer: Seizoen 1: Making Mat","23/01/20"
"Cheer: Seizoen 1: God Blessed Texas","22/01/20"
"The Crown: Seizoen 3: Olding","16/01/20"
"The Crown: Seizoen 2: Mystery Man","15/01/20"
"The Crown: Seizoen 2: Paterfamilias","15/01/20"
"The Crown: Seizoen 2: Dear Mrs. Kennedy","13/01/20"
"The Crown: Seizoen 2: Matrimonium","12/01/20"
"The Sinner: Cora: Deel VIII","12/01/20"
"The Sinner: Cora: Deel VII","12/01/20"
"The Sinner: Cora: Deel VI","12/01/20"
"The Sinner: Cora: Deel V","11/01/20"
"The Crown: Seizoen 2: Vergangenheit","11/01/20"
"The Sinner: Cora: Deel IV","10/01/20"
"The Sinner: Cora: Deel III","10/01/20"
"The Sinner: Cora: Deel II","9/01/20"
"The Sinner: Cora: Deel I","9/01/20"
"Spinning Out: Seizoen 1: Kiss and Cry","9/01/20"
"Spinning Out: Seizoen 1: #1 Mom","9/01/20"
"Spinning Out: Seizoen 1: Hell Is Real","8/01/20"
"Spinning Out: Seizoen 1: Healing Times May Vary","8/01/20"
"Spinning Out: Seizoen 1: Have a Nice Day!","8/01/20"
"Spinning Out: Seizoen 1: Two for $40","8/01/20"
"Spinning Out: Seizoen 1: Keep Pinecrest Wild","7/01/20"
"Spinning Out: Seizoen 1: Proceed with Caution","7/01/20"
"Spinning Out: Seizoen 1: Welcome to the Family","6/01/20"
"Spinning Out: Seizoen 1: Now Entering Sun Valley","6/01/20"
"The Crown: Seizoen 2: Marionettes","6/01/20"
"The Crown: Seizoen 2: Beryl","2/01/20"
"The Crown: Seizoen 2: Lisbon","2/01/20"
"The Crown: Seizoen 2: A Company of Men","1/01/20"
"You: Seizoen 2: Love, Actually","28/12/19"
"You: Seizoen 2: P.I. Joe","28/12/19"
"You: Seizoen 2: Fear and Loathing in Beverly Hills","28/12/19"
"You: Seizoen 2: Ex-istential Crisis","28/12/19"
"You: Seizoen 2: Farewell, My Bunny","28/12/19"
"You: Seizoen 2: Have a Good Wellkend, Joe!","27/12/19"
"You: Seizoen 2: What Are Friends For?","27/12/19"
"You: Seizoen 2: The Good, the Bad, & the Hendy","27/12/19"
"You: Seizoen 2: Just the Tip","26/12/19"
"You: Seizoen 2: A Fresh Start","26/12/19"
"The Irishman","23/12/19"
"Fractured","23/12/19"
"The Crown: Seizoen 2: Misadventure","23/12/19"
"The Outsider","23/12/19"
"Banlieusards","23/12/19"
"The Crown: Seizoen 1: Pride & Joy","20/12/19"
"The Crown: Seizoen 1: Gloriana","19/12/19"
"The Crown: Seizoen 1: Assassins","18/12/19"
"El Camino: A Breaking Bad Movie","17/12/19"
"Overdrive","17/12/19"
"The Crown: Seizoen 1: Scientia Potentia Est","13/12/19"
"The Crown: Seizoen 1: Gelignite","13/12/19"
"The Crown: Seizoen 1: Smoke and Mirrors","12/12/19"
"Dynasty: Seizoen 2: Filthy Games","10/12/19"
"The Crown: Seizoen 1: Act of God","6/12/19"
"The Crown: Seizoen 1: Windsor","6/12/19"
"The Crown: Seizoen 1: Hyde Park Corner","6/12/19"
"NOVA: Black Hole Apocalypse","5/12/19"
"Alien Contact: Outer Space","5/12/19"
"The Crown: Seizoen 1: Wolferton Splash","5/12/19"
"Black Lightning: Seizoen 1: The Resurrection","4/12/19"
"Let It Snow","3/12/19"
"When They See Us: Miniserie: Deel vier","18/11/19"
"When They See Us: Miniserie: Deel drie","17/11/19"
"When They See Us: Miniserie: Deel twee","17/11/19"
"When They See Us: Miniserie: Deel een","15/11/19"
"True Story","28/10/19"
"Living Undocumented: Seizoen 1: Home Sweet Home","26/10/19"
"Beats","25/10/19"
"Élite: Seizoen 2: 0 hours missing","25/10/19"
"Living Undocumented: Seizoen 1: A Family Torn Apart","24/10/19"
"Living Undocumented: Seizoen 1: The Crossing","21/10/19"
"Living Undocumented: Seizoen 1: The Deportation","19/10/19"
"Living Undocumented: Seizoen 1: The World Is Watching","17/10/19"
"The Dark Knight","16/10/19"
"Top Boy: Seizoen 1: Bruk Up","13/10/19"
"Anon","13/10/19"
"Living Undocumented: Seizoen 1: A Prayer in the Night","13/10/19"
"Dynasty: Seizoen 2: The Sight of You","12/10/19"
"Downsizing","6/10/19"
"Mon frère","30/09/19"
"Swiped","29/09/19"
"Élite: Seizoen 2: 84 hours missing","25/09/19"
"Unbelievable: Limited Serie: Aflevering 8","24/09/19"
"Unbelievable: Limited Serie: Aflevering 7","24/09/19"
"Unbelievable: Limited Serie: Aflevering 6","24/09/19"
"Unbelievable: Limited Serie: Aflevering 5","23/09/19"
"Unbelievable: Limited Serie: Aflevering 4","23/09/19"
"Unbelievable: Limited Serie: Aflevering 3","23/09/19"
"Unbelievable: Limited Serie: Aflevering 2","23/09/19"
"Élite: Seizoen 2: 66 hours missing","22/09/19"
"Élite: Seizoen 2: 63 hours missing","22/09/19"
"Unbelievable: Limited Serie: Aflevering 1","20/09/19"
"Élite: Seizoen 2: 59 hours missing","19/09/19"
"Élite: Seizoen 2: 36 hours missing","19/09/19"
"Élite: Seizoen 2: 34 hours missing","15/09/19"
"Élite: Seizoen 2: 20 hours missing","10/09/19"
"Otherhood","9/09/19"
"13 Reasons Why: Beyond the Reasons: Seizoen 3: Beyond the Reasons Seizoen 3","6/09/19"
"13 Reasons Why: Seizoen 3: Let the Dead Bury the Dead","6/09/19"
"13 Reasons Why: Seizoen 3: And Then the Hurricane Hit","6/09/19"
"13 Reasons Why: Seizoen 3: There Are a Few Things I Haven't Told You","5/09/19"
"13 Reasons Why: Seizoen 3: The World Closing In","4/09/19"
"13 Reasons Why: Seizoen 3: Always Waiting for the Next Bad News","2/09/19"
"13 Reasons Why: Seizoen 3: In High School, Even on a Good Day, It's Hard to Tell Who's on Your Side","1/09/19"
"13 Reasons Why: Seizoen 3: There Are a Number of Problems with Clay Jensen","1/09/19"
"13 Reasons Why: Seizoen 3: You Can Tell the Heart of a Man by How He Grieves","31/08/19"
"13 Reasons Why: Seizoen 3: Nobody's Clean","30/08/19"
"13 Reasons Why: Seizoen 3: Angry, Young and Man","30/08/19"
"13 Reasons Why: Seizoen 3: The Good Person Is Indistinguishable from the Bad","29/08/19"
"13 Reasons Why: Seizoen 3: If You're Breathing, You're a Liar","28/08/19"
"13 Reasons Why: Seizoen 3: Yeah. I'm the New Girl","26/08/19"
"Las chicas del cable: Seizoen 4: Hoofdstuk 32: Geluk","26/08/19"
"Las chicas del cable: Seizoen 4: Hoofdstuk 31: Blijdschap","26/08/19"
"Las chicas del cable: Seizoen 4: Hoofdstuk 30: Twijfel","24/08/19"
"Las chicas del cable: Seizoen 4: Hoofdstuk 29: Leven","22/08/19"
"Las chicas del cable: Seizoen 4: Hoofdstuk 28: Angst","22/08/19"
"Las chicas del cable: Seizoen 4: Hoofdstuk 27: Gerechtigheid","22/08/19"
"Las chicas del cable: Seizoen 4: Hoofdstuk 26: Vrijheid","18/08/19"
"Las chicas del cable: Seizoen 4: Hoofdstuk 25: Gelijkheid","17/08/19"
"The 100: Seizoen 6: The Blood of Sanctum","15/08/19"
"The Fresh Prince of Bel-Air: Seizoen 3: Mama's Baby, Carlton's Maybe","13/08/19"
"The 100: Seizoen 6: Adjustment Protocol","13/08/19"
"The 100: Seizoen 6: Ashes to Ashes","12/08/19"
"Orange Is the New Black: Seizoen 7: Here's Where We Get Off","11/08/19"
"Orange Is the New Black: Seizoen 7: The Big House","10/08/19"
"Blow","9/08/19"
"Orange Is the New Black: Seizoen 7: God Bless America","9/08/19"
"Orange Is the New Black: Seizoen 7: The Thirteenth","6/08/19"
"Orange Is the New Black: Seizoen 7: The Hidey Hole","5/08/19"
"Orange Is the New Black: Seizoen 7: Baker's Dozen","5/08/19"
"La casa de papel: Deel 3: Het spoor bijster","3/08/19"
"Bad Banks: Seizoen 1: The Hardest Currency","1/08/19"
"Bad Banks: Seizoen 1: Old Debts","1/08/19"
"Bad Banks: Seizoen 1: The Man from London","1/08/19"
"Orange Is the New Black: Seizoen 7: Me as Well","31/07/19"
"Orange Is the New Black: Seizoen 7: Trapped in an Elevator","31/07/19"
"Orange Is the New Black: Seizoen 7: Minority Deport","31/07/19"
"The Great Hack","31/07/19"
"Orange Is the New Black: Seizoen 7: How to Do Life","30/07/19"
"Orange Is the New Black: Seizoen 7: And Brown Is the New Orange","30/07/19"
"Orange Is the New Black: Seizoen 7: Just Desserts","29/07/19"
"Polar","25/07/19"
"La casa de papel: Deel 3: Een korte vakantie","23/07/19"
"La casa de papel: Deel 3: Alles leek onbelangrijk","23/07/19"
"La casa de papel: Deel 3: De rode koffers","22/07/19"
"La casa de papel: Deel 3: Boem, boem, ciao","22/07/19"
"La casa de papel: Deel 3: 48 meter onder de grond","22/07/19"
"The 100: Seizoen 6: Matryoshka","22/07/19"
"La casa de papel: Deel 3: Aikido","21/07/19"
"La casa de papel: Deel 3: We zijn terug","21/07/19"
"La casa de papel: Deel 1: Aflevering 3","21/07/19"
"The 100: Seizoen 6: What You Take With You","19/07/19"
"Black Mirror: Seizoen 5: Smithereens","14/07/19"
"Black Mirror: Seizoen 5: Striking Vipers","14/07/19"
"Black Mirror: Seizoen 2: White Christmas","14/07/19"
"Black Mirror: Seizoen 2: The Waldo Moment","12/07/19"
"Black Mirror: Seizoen 2: White Bear","12/07/19"
"Murder Mystery","9/07/19"
"Marvel's Jessica Jones: Seizoen 3: A.K.A Everything","5/07/19"
"Marvel's Jessica Jones: Seizoen 3: A.K.A A Lotta Worms","5/07/19"
"Marvel's Jessica Jones: Seizoen 3: A.K.A Hellcat","4/07/19"
"Marvel's Jessica Jones: Seizoen 3: A.K.A Hero Pants","2/07/19"
"Marvel's Jessica Jones: Seizoen 3: A.K.A I Did Something Today","2/07/19"
"Marvel's Jessica Jones: Seizoen 3: A.K.A Camera Friendly","2/07/19"
"The 100: Seizoen 6: The Old Man and the Anomaly","2/07/19"
"Black Mirror: Seizoen 2: Be Right Back","1/07/19"
"The 100: Seizoen 6: Nevermind","1/07/19"
"Marvel's Jessica Jones: Seizoen 3: A.K.A The Double Half-Wappinger","1/07/19"
"Marvel's Jessica Jones: Seizoen 3: A.K.A Sorry Face","1/07/19"
"Marvel's Jessica Jones: Seizoen 3: A.K.A I Wish","1/07/19"
"Black Mirror: Seizoen 1: The Entire History of You","30/06/19"
"Black Mirror: Seizoen 1: Fifteen Million Merits","28/06/19"
"Marvel's Jessica Jones: Seizoen 3: A.K.A Customer Service is Standing By","28/06/19"
"Marvel's Jessica Jones: Seizoen 3: A.K.A I Have No Spleen","28/06/19"
"Black Mirror: Seizoen 1: The National Anthem","27/06/19"
"The Assassination of Gianni Versace: Seizoen 1: Don't Ask Don't Tell","27/06/19"
"Marvel's Jessica Jones: Seizoen 3: A.K.A You're Welcome","27/06/19"
"Marvel's Jessica Jones: Seizoen 3: A.K.A The Perfect Burger","26/06/19"
"Marvel's Jessica Jones: Seizoen 2: AKA Playland","25/06/19"
"Marvel's Jessica Jones: Seizoen 2: AKA Pray for My Patsy","25/06/19"
"Marvel's Jessica Jones: Seizoen 2: AKA Three Lives and Counting","24/06/19"
"Marvel's Jessica Jones: Seizoen 2: AKA Pork Chop","23/06/19"
"Marvel's Jessica Jones: Seizoen 2: AKA Shark in the Bathtub, Monster in the Bed","23/06/19"
"Marvel's Jessica Jones: Seizoen 2: AKA Ain’t We Got Fun","23/06/19"
"Marvel's Jessica Jones: Seizoen 2: AKA I Want Your Cray Cray","22/06/19"
"Marvel's Jessica Jones: Seizoen 2: AKA Facetime","22/06/19"
"Marvel's Jessica Jones: Seizoen 2: AKA The Octopus","21/06/19"
"Marvel's Jessica Jones: Seizoen 2: AKA God Help the Hobo","21/06/19"
"Marvel's Jessica Jones: Seizoen 2: AKA Sole Survivor","20/06/19"
"Marvel's Jessica Jones: Seizoen 2: AKA Freak Accident","20/06/19"
"Marvel's Jessica Jones: Seizoen 2: AKA Start at the Beginning","20/06/19"
"The 100: Seizoen 6: Memento Mori","18/06/19"
"The Assassination of Gianni Versace: Seizoen 1: House by the Lake","16/06/19"
"The Assassination of Gianni Versace: Seizoen 1: A Random Killing","15/06/19"
"The Assassination of Gianni Versace: Seizoen 1: Manhunt","12/06/19"
"The Assassination of Gianni Versace: Seizoen 1: The Man Who Would Be Vogue","12/06/19"
"Always Be My Maybe","10/06/19"
"I Am Mother","9/06/19"
"Spider-Man: Homecoming","9/06/19"
"Suburra: Seizoen 2: Gevolgen","7/06/19"
"Conversations with a Killer: The Ted Bundy Tapes: Limited Serie: Burn Bundy Burn","6/06/19"
"Dumplin'","3/06/19"
"The Intent 2: The Come Up","30/05/19"
"Dead to Me: Seizoen 1: You Have To Go","26/05/19"
"Conversations with a Killer: The Ted Bundy Tapes: Limited Serie: Not My Turn to Watch Him","26/05/19"
"Dynasty: Seizoen 2: Deception, Jealousy and Lies","25/05/19"
"Dead to Me: Seizoen 1: I Have To Be Honest","24/05/19"
"Dead to Me: Seizoen 1: Try To Stop Me","24/05/19"
"Dead to Me: Seizoen 1: I Can Handle It","24/05/19"
"Dead to Me: Seizoen 1: Oh My God","23/05/19"
"Dead to Me: Seizoen 1: I've Gotta Get Away","23/05/19"
"Conversations with a Killer: The Ted Bundy Tapes: Limited Serie: One of Us","22/05/19"
"Conversations with a Killer: The Ted Bundy Tapes: Limited Serie: Handsome Devil","22/05/19"
"Dead to Me: Seizoen 1: I Can't Go Back","22/05/19"
"Dead to Me: Seizoen 1: It's All My Fault","22/05/19"
"Dead to Me: Seizoen 1: Maybe I'm Crazy","22/05/19"
"Dead to Me: Seizoen 1: Pilot","22/05/19"
"Extremely Wicked, Shockingly Evil and Vile","21/05/19"
"Dynasty: Seizoen 2: Thicker Than Money","18/05/19"
"Bad Banks: Seizoen 1: Follow the Junk","17/05/19"
"Bad Banks: Seizoen 1: Fired","17/05/19"
"The Disappearance of Madeleine McCann: Seizoen 1: Somebody Knows","16/05/19"
"The Disappearance of Madeleine McCann: Seizoen 1: Truth and Lies","16/05/19"
"The Disappearance of Madeleine McCann: Seizoen 1: Dark Places","16/05/19"
"The Disappearance of Madeleine McCann: Seizoen 1: The Fightback","15/05/19"
"Lucifer: Seizoen 4: Who's da New King of Hell?","14/05/19"
"Lucifer: Seizoen 4: Save Lucifer","14/05/19"
"Lucifer: Seizoen 4: Super Bad Boyfriend","13/05/19"
"Dynasty: Seizoen 2: New Lady in Town","11/05/19"
"Lucifer: Seizoen 4: Devil Is as Devil Does","9/05/19"
"Lucifer: Seizoen 4: Orgy Pants to Work","9/05/19"
"Lucifer: Seizoen 4: Expire Erect","9/05/19"
"Lucifer: Seizoen 4: All About Eve","9/05/19"
"Lucifer: Seizoen 4: O, Ye of Little Faith, Father","8/05/19"
"Lucifer: Seizoen 4: Somebody’s Been Reading Dante’s Inferno","8/05/19"
"Lucifer: Seizoen 4: Everything's Okay","8/05/19"
"The Disappearance of Madeleine McCann: Seizoen 1: Heaven and Earth","7/05/19"
"The Disappearance of Madeleine McCann: Seizoen 1: Pact of Silence","7/05/19"
"The Disappearance of Madeleine McCann: Seizoen 1: Person of Interest","6/05/19"
"Friends: Seizoen 5: The One with the Kips","6/05/19"
"Dynasty: Seizoen 2: This Illness of Mine","5/05/19"
"The Disappearance of Madeleine McCann: Seizoen 1: The Beneath Truth","4/05/19"
"Friends: Seizoen 5: The One Where Phoebe Hates PBS","4/05/19"
"Friends: Seizoen 5: The One Hundredth","4/05/19"
"Friends: Seizoen 5: The One with All the Kissing","3/05/19"
"Friends: Seizoen 5: The One After Ross Says Rachel","3/05/19"
"Friends: Seizoen 4: The One with Ross's Wedding: Deel 2","2/05/19"
"Friends: Seizoen 4: The One with Ross's Wedding: Deel 1","2/05/19"
"Friends: Seizoen 4: The One with the Worst Best Man Ever","2/05/19"
"Friends: Seizoen 4: The One with the Invitation","2/05/19"
"Friends: Seizoen 4: The One with the Wedding Dresses","2/05/19"
"Friends: Seizoen 4: The One with All the Haste","2/05/19"
"Dynasty: Seizoen 2: Life Is a Masquerade Party","1/05/19"
"Dynasty: Seizoen 1: I Hardly Recognized You","1/05/19"
"Friends: Seizoen 4: The One with Rachel's New Dress","1/05/19"
"Asterix en Obelix bij de Britten","30/04/19"
"Friends: Seizoen 4: The One with the Free Porn","30/04/19"
"Friends: Seizoen 4: The One with the Fake Party","30/04/19"
"Friends: Seizoen 4: The One with All the Rugby","29/04/19"
"Friends: Seizoen 4: The One with Joey's Dirty Day","29/04/19"
"Friends: Seizoen 4: The One with Rachel's Crush","29/04/19"
"Friends: Seizoen 4: The One with the Embryos","29/04/19"
"Friends: Seizoen 4: The One with Phoebe's Uterus","29/04/19"
"Friends: Seizoen 4: The One with the Girl from Poughkeepsie","29/04/19"
"Friends: Seizoen 4: The One Where They're Going to Party","29/04/19"
"Friends: Seizoen 4: The One with Chandler in a Box","28/04/19"
"Friends: Seizoen 4: The One Where Chandler Crosses the Line","26/04/19"
"Friends: Seizoen 4: The One with the Dirty Girl","26/04/19"
"Friends: Seizoen 4: The One with Joey's New Girlfriend","25/04/19"
"Friends: Seizoen 4: The One with the Ballroom Dancing","24/04/19"
"Friends: Seizoen 4: The One with the 'Cuffs","24/04/19"
"Dogs of Berlin: Seizoen 1: Vip","23/04/19"
"Dynasty: Seizoen 2: How Two-Faced Can You Get?","20/04/19"
"Friends: Seizoen 4: The One with the Cat","16/04/19"
"Friends: Seizoen 4: The One with the Jellyfish","16/04/19"
"Friends: Seizoen 3: The One at the Beach","15/04/19"
"Friends: Seizoen 3: The One with the Ultimate Fighting Champion","15/04/19"
"Friends: Seizoen 3: The One with Ross's Thing","14/04/19"
"Friends: Seizoen 3: The One with the Screamer","14/04/19"
"Friends: Seizoen 3: The One with a Chick. And a Duck","14/04/19"
"Friends: Seizoen 3: The One with the Dollhouse","13/04/19"
"Friends: Seizoen 3: The One with the Tiny T-Shirt","10/04/19"
"Friends: Seizoen 3: The One with the Hypnosis Tape","10/04/19"
"The Highwaymen","9/04/19"
"Vivir sin permiso: Seizoen 1: Aflevering 13","7/04/19"
"Vivir sin permiso: Seizoen 1: Aflevering 12","6/04/19"
"Friends: Seizoen 3: The One Without the Ski Trip","5/04/19"
"Friends: Seizoen 3: The One The Morning After","5/04/19"
"Friends: Seizoen 3: The One Where Ross & Rachel Take a Break","5/04/19"
"Friends: Seizoen 3: The One with Phoebe's Ex-Partner","5/04/19"
"Friends: Seizoen 3: The One Where Monica & Richard Are Just Friends","4/04/19"
"Friends: Seizoen 3: The One with All the Jealousy","4/04/19"
"Friends: Seizoen 3: The One Where Chandler Can't Remember Which Sister","4/04/19"
"Friends: Seizoen 3: The One Where Rachel Quits","3/04/19"
"Friends: Seizoen 3: The One with the Football","3/04/19"
"Friends: Seizoen 3: The One with the Giant Poking Device","3/04/19"
"Friends: Seizoen 3: The One with the Race Car Bed","2/04/19"
"Friends: Seizoen 3: The One with the Flashback","2/04/19"
"Friends: Seizoen 3: The One with Frank Jr","2/04/19"
"Friends: Seizoen 3: The One with the Metaphorical Tunnel","2/04/19"
"Vivir sin permiso: Seizoen 1: Aflevering 11","1/04/19"
"Friends: Seizoen 3: The One with the Jam","1/04/19"
"Friends: Seizoen 3: The One Where No One's Ready","1/04/19"
"Friends: Seizoen 3: The One with the Princess Leia Fantasy","1/04/19"
"Friends: Seizoen 2: The One with Barry and Mindy's Wedding","1/04/19"
"Friends: Seizoen 2: The One with the Chicken Pox","1/04/19"
"Friends: Seizoen 2: The One with the Two Parties","1/04/19"
"Friends: Seizoen 2: The One with the Bullies","31/03/19"
"Friends: Seizoen 2: The One Where Old Yeller Dies","31/03/19"
"Dynasty: Seizoen 2: Miserably Ungrateful Men","30/03/19"
"Friends: Seizoen 2: The One Where Eddie Won't Go","30/03/19"
"Friends: Seizoen 2: The One Where Dr. Ramoray Dies","29/03/19"
"Friends: Seizoen 2: The One Where Eddie Moves In","29/03/19"
"Friends: Seizoen 2: The One Where Joey Moves Out","29/03/19"
"Friends: Seizoen 2: The One Where Ross and Rachel...You Know","29/03/19"
"Vivir sin permiso: Seizoen 1: Aflevering 10","28/03/19"
"Friends: Seizoen 2: The One with the Prom Video","28/03/19"
"Vivir sin permiso: Seizoen 1: Aflevering 9","27/03/19"
"Friends: Seizoen 2: The One After the Super Bowl: Deel 2","27/03/19"
"Friends: Seizoen 2: The One After the Super Bowl: Deel 1","27/03/19"
"Friends: Seizoen 2: The One with the Lesbian Wedding","27/03/19"
"Friends: Seizoen 2: The One with Russ","27/03/19"
"Friends: Seizoen 2: The One with Phoebe's Dad","26/03/19"
"Friends: Seizoen 2: The One with the List","26/03/19"
"Black Lightning: Seizoen 2: The Book of Apocalypse: Hoofdstuk 2: The Omega","26/03/19"
"Friends: Seizoen 2: The One Where Ross Finds Out","26/03/19"
"Friends: Seizoen 2: The One with the Baby on the Bus","26/03/19"
"Vivir sin permiso: Seizoen 1: Aflevering 8","25/03/19"
"Triple Frontier","25/03/19"
"Vivir sin permiso: Seizoen 1: Aflevering 7","25/03/19"
"Dynasty: Seizoen 2: Motherly Overprotectiveness","25/03/19"
"Friends: Seizoen 2: The One with Five Steaks and an Eggplant","25/03/19"
"FYRE: The Greatest Party That Never Happened","21/03/19"
"Black Lightning: Seizoen 2: The Book of Apocalypse: Hoofdstuk 1: The Alpha","20/03/19"
"Vivir sin permiso: Seizoen 1: Aflevering 6","19/03/19"
"Friends: Seizoen 2: The One with Phoebe's Husband","19/03/19"
"Friends: Seizoen 2: The One Where Heckles Dies","17/03/19"
"Friends: Seizoen 2: The One with the Breast Milk","17/03/19"
"Vivir sin permiso: Seizoen 1: Aflevering 5","17/03/19"
"Dynasty: Seizoen 2: Parisian Legend Has It…","16/03/19"
"Friends: Seizoen 2: The One with Ross's New Girlfriend","16/03/19"
"Vivir sin permiso: Seizoen 1: Aflevering 4","15/03/19"
"Friends: Seizoen 1: The One Where Rachel Finds Out","15/03/19"
"Friends: Seizoen 1: The One with the Birth","15/03/19"
"Friends: Seizoen 1: The One with the Ick Factor","15/03/19"
"Friends: Seizoen 1: The One with the Fake Monica","14/03/19"
"Vivir sin permiso: Seizoen 1: Aflevering 3","13/03/19"
"Friends: Seizoen 1: The One with the Evil Orthodontist","13/03/19"
"Friends: Seizoen 1: The One Where the Monkey Gets Away","13/03/19"
"Black Lightning: Seizoen 2: The	Book of Secrets: Hoofdstuk 4: Original Sin","13/03/19"
"Suburra: Seizoen 2: Vind haar","12/03/19"
"Vivir sin permiso: Seizoen 1: Aflevering 2","12/03/19"
"Vivir sin permiso: Seizoen 1: Aflevering 1","10/03/19"
"Friends: Seizoen 1: The One with All the Poker","10/03/19"
"Friends: Seizoen 1: The One with the Two Parts: Deel 2","10/03/19"
"Isn't It Romantic","10/03/19"
"Friends: Seizoen 1: The One with the Two Parts: Deel 1","8/03/19"
"Friends: Seizoen 1: The One with the Stoned Guy","7/03/19"
"Friends: Seizoen 1: The One with the Candy Hearts","7/03/19"
"Friends: Seizoen 1: The One with the Boobies","7/03/19"
"Friends: Seizoen 1: The One with the Dozen Lasagnas","7/03/19"
"Friends: Seizoen 1: The One with Mrs. Bing","6/03/19"
"Friends: Seizoen 1: The One with the Monkey","5/03/19"
"Friends: Seizoen 1: The One Where Underdog Gets Away","5/03/19"
"Friends: Seizoen 1: The One Where Nana Dies Twice","5/03/19"
"Friends: Seizoen 1: The One with the Blackout","5/03/19"
"Friends: Seizoen 1: The One with the Butt","1/03/19"
"Friends: Seizoen 1: The One with the East German Laundry Detergent","1/03/19"
"Friends: Seizoen 1: The One with George Stephanopoulos","28/02/19"
"Friends: Seizoen 1: The One with the Thumb","28/02/19"
"Friends: Seizoen 1: The One with the Sonogram at the End","28/02/19"
"Friends: Seizoen 1: The One Where Monica Gets a Roommate (Pilotaflevering)","27/02/19"
"Suburra: Seizoen 1: 21 dagen","24/02/19"
"Friends: Seizoen 7: The One with Rachel's Book","23/02/19"
"Friends: Seizoen 7: The One with Monica's Thunder","23/02/19"
"Sex Education: Seizoen 1: Aflevering 8","20/02/19"
"Sex Education: Seizoen 1: Aflevering 7","20/02/19"
"Black Lightning: Seizoen 2: The	Book of Secrets: Hoofdstuk 3: Pillar of Fire","20/02/19"
"Sex Education: Seizoen 1: Aflevering 6","19/02/19"
"Sex Education: Seizoen 1: Aflevering 5","19/02/19"
"Sex Education: Seizoen 1: Aflevering 4","18/02/19"
"Sex Education: Seizoen 1: Aflevering 3","14/02/19"
"Sex Education: Seizoen 1: Aflevering 2","14/02/19"
"Black Lightning: Seizoen 2: The	Book of Secrets: Hoofdstuk 2: Just and Unjust","12/02/19"
"Sex Education: Seizoen 1: Aflevering 1","11/02/19"
"Friends: Seizoen 6: The One with the Proposal: Deel 2","11/02/19"
"Friends: Seizoen 6: The One with the Proposal: Deel 1","10/02/19"
"Friends: Seizoen 6: The One with the Ring","10/02/19"
"Pokémon de serie: Indigo League: Seizoen 1: Pokémon, ik kies jou!","10/02/19"
"Dynasty: Seizoen 2: Even Worms Can Procreate","10/02/19"
"Friends: Seizoen 6: The One Where Paul's the Man","8/02/19"
"Friends: Seizoen 6: The One Where Ross Meets Elizabeth's Dad","8/02/19"
"Friends: Seizoen 6: The One with Mac and C.H.E.E.S.E","6/02/19"
"Friends: Seizoen 6: The One with Joey's Fridge","6/02/19"
"Friends: Seizoen 6: The One Where Ross Dates a Student","6/02/19"
"Friends: Seizoen 6: The One with Unagi","6/02/19"
"Friends: Seizoen 6: The One That Could Have Been: Deel 2","6/02/19"
"Friends: Seizoen 6: The One That Could Have Been: Deel 1","5/02/19"
"Friends: Seizoen 6: The One Where Chandler Can't Cry","5/02/19"
"Black Lightning: Seizoen 2: The	Book of Secrets: Hoofdstuk 1: Prodigal Son","5/02/19"
"Friends: Seizoen 6: The One with Rachel's Sister","4/02/19"
"Friends: Seizoen 6: The One with the Joke","4/02/19"
"Friends: Seizoen 6: The One with the Apothecary Table","4/02/19"
"Friends: Seizoen 6: The One with the Routine","3/02/19"
"Friends: Seizoen 6: The One Where Ross Got High","2/02/19"
"Friends: Seizoen 6: The One with Ross's Teeth","2/02/19"
"Friends: Seizoen 6: The One Where Phoebe Runs","1/02/19"
"Friends: Seizoen 6: The One on the Last Night","1/02/19"
"Friends: Seizoen 6: The One with Joey's Porsche","1/02/19"
"Friends: Seizoen 6: The One Where Joey Loses His Insurance","31/01/19"
"Friends: Seizoen 6: The One with Ross's Denial","31/01/19"
"Friends: Seizoen 6: The One Where Ross Hugs Rachel","31/01/19"
"Friends: Seizoen 6: The One After Vegas","30/01/19"
"Friends: Seizoen 5: The One in Vegas: Deel 2","29/01/19"
"Friends: Seizoen 5: The One in Vegas: Deel 1","29/01/19"
"Black Lightning: Seizoen 2: The	Book of Rebellion: Hoofdstuk 3: Angelitos Negros","29/01/19"
"Friends: Seizoen 5: The One with Joey's Big Break","28/01/19"
"Friends: Seizoen 5: The One with the Ball","28/01/19"
"The Big Short","27/01/19"
"Friends: Seizoen 5: The One with the Ride-Along","27/01/19"
"Friends: Seizoen 5: The One Where Ross Can't Flirt","27/01/19"
"Bodyguard: Seizoen 1: Aflevering 6","27/01/19"
"Bodyguard: Seizoen 1: Aflevering 5","26/01/19"
"Bodyguard: Seizoen 1: Aflevering 4","26/01/19"
"ROMA","25/01/19"
"Bodyguard: Seizoen 1: Aflevering 3","25/01/19"
"Lionheart","25/01/19"
"Friends: Seizoen 5: The One Where Rachel Smokes","25/01/19"
"Friends: Seizoen 5: The One with Rachel's Inadvertent Kiss","24/01/19"
"Friends: Seizoen 5: The One with the Cop","24/01/19"
"Friends: Seizoen 5: The One with the Girl Who Hits Joey","24/01/19"
"Friends: Seizoen 5: The One Where Everybody Finds Out","24/01/19"
"Friends: Seizoen 5: The One with Joey's Bag","24/01/19"
"Friends: Seizoen 5: The One with Chandler's Work Laugh","24/01/19"
"Friends: Seizoen 5: The One with All the Resolutions","23/01/19"
"Bodyguard: Seizoen 1: Aflevering 2","20/01/19"
"Bodyguard: Seizoen 1: Aflevering 1","20/01/19"
"Friends: Seizoen 5: The One with the Inappropriate Sister","19/01/19"
"Dynasty: Seizoen 2: A Champagne Mood","19/01/19"
"The Wolf of Wall Street","19/01/19"
"Friends: Seizoen 5: The One with Ross's Sandwich","19/01/19"
"Friends: Seizoen 5: The One with All the Thanksgivings","17/01/19"
"Friends: Seizoen 5: The One Where Ross Moves In","13/01/19"
"Friends: Seizoen 5: The One with the Yeti","11/01/19"
"You: Seizoen 1: Bluebeard's Castle","6/01/19"
"You: Seizoen 1: Candace","5/01/19"
"You: Seizoen 1: You Got Me, Babe","1/01/19"
"You: Seizoen 1: Everythingship","1/01/19"
"You: Seizoen 1: Amour Fou","1/01/19"
"You: Seizoen 1: Living with the Enemy","1/01/19"
"You: Seizoen 1: The Captain","1/01/19"
"You: Seizoen 1: Maybe","31/12/18"
"You: Seizoen 1: The Last Nice Guy in New York","31/12/18"
"You: Seizoen 1: Pilot","30/12/18"
"Élite: Seizoen 1: Saturday Night","27/12/18"
"Élite: Seizoen 1: Desire","27/12/18"
"Élite: Seizoen 1: Welcome","27/12/18"
"Élite: Seizoen 1: Assilah","26/12/18"
"Élite: Seizoen 1: Everything Explodes","26/12/18"
"Élite: Seizoen 1: Everything Will Be Okay","26/12/18"
"Élite: Seizoen 1: Everyone Lies","26/12/18"
"Élite: Seizoen 1: Love is a Drug","25/12/18"
"A Christmas Prince: The Royal Wedding","24/12/18"
"Ellen DeGeneres: Relatable: Special: Relatable","24/12/18"
"Dynasty: Seizoen 2: Crazy Lady","22/12/18"
"Black Lightning: Seizoen 2: The	Book of Rebellion: Hoofdstuk 2: Gift of Magi","20/12/18"
"Narcos: Seizoen 1: Descenso","18/12/18"
"Black Lightning: Seizoen 2: The Book of Rebellion: Hoofdstuk 1: Exodus","17/12/18"
"Narcos: Mexico: Seizoen 1: Leyenda","17/12/18"
"Narcos: Mexico: Seizoen 1: 881 Lope de Vega","16/12/18"
"Narcos: Mexico: Seizoen 1: Just Say No","16/12/18"
"Narcos: Mexico: Seizoen 1: Jefe de Jefes","16/12/18"
"Las chicas del cable: Seizoen 3: Hoofdstuk 24: Het lot","10/12/18"
"Narcos: Mexico: Seizoen 1: La Última Frontera","9/12/18"
"Dynasty: Seizoen 2: A Real Instinct for the Jugular","9/12/18"
"Narcos: Mexico: Seizoen 1: The Colombian Connection","8/12/18"
"Mowgli","7/12/18"
"Narcos: Mexico: Seizoen 1: Rafa, Rafa, Rafa!","7/12/18"
"Narcos: Mexico: Seizoen 1: El Padrino","7/12/18"
"The Holiday Calendar","6/12/18"
"Black Lightning: Seizoen 2: The Book of Blood: Hoofdstuk 3: The Sange","5/12/18"
"Narcos: Mexico: Seizoen 1: The Plaza System","4/12/18"
"Narcos: Mexico: Seizoen 1: Camelot","2/12/18"
"Dynasty: Seizoen 2: A Temporary Infestation","1/12/18"
"Black Lightning: Seizoen 2: The Book of Blood: Hoofdstuk 2: The Perdi","28/11/18"
"Christmas Wedding Planner","28/11/18"
"Black Lightning: Seizoen 2: The Book of Blood: Hoofdstuk 1: Requiem","27/11/18"
"Black Lightning: Seizoen 2: The	Book of Consequences: Hoofdstuk 4: Translucent Freak","27/11/18"
"The Princess Switch","23/11/18"
"Las chicas del cable: Seizoen 3: Hoofdstuk 23: Hoop","22/11/18"
"Las chicas del cable: Seizoen 3: Hoofdstuk 22: Het gevecht","22/11/18"
"Las chicas del cable: Seizoen 3: Hoofdstuk 21: De zonde","22/11/18"
"xXx: The Return of Xander Cage","22/11/18"
"Las chicas del cable: Seizoen 3: Hoofdstuk 20: Wraak","21/11/18"
"Las chicas del cable: Seizoen 3: Hoofdstuk 19: De waarheid","21/11/18"
"Las chicas del cable: Seizoen 3: Hoofdstuk 18: De dood","21/11/18"
"Dynasty: Seizoen 2: That Witch","20/11/18"
"Las chicas del cable: Seizoen 3: Hoofdstuk 17: De tijd","20/11/18"
"Las chicas del cable: Seizoen 2: Hoofdstuk 16: Onschuld","20/11/18"
"Las chicas del cable: Seizoen 2: Hoofdstuk 15: Kansen","14/11/18"
"Las chicas del cable: Seizoen 2: Hoofdstuk 14: Eenzaamheid","14/11/18"
"Las chicas del cable: Seizoen 2: Hoofdstuk 13: Geheimen","13/11/18"
"Dynasty: Seizoen 2: Queen of Cups","13/11/18"
"Las chicas del cable: Seizoen 2: Hoofdstuk 12: Schuld","13/11/18"
"Las chicas del cable: Seizoen 2: Hoofdstuk 11: Jaloezie","13/11/18"
"Las chicas del cable: Seizoen 2: Hoofdstuk 10: Verbond","13/11/18"
"Las chicas del cable: Seizoen 2: Hoofdstuk 9: Keuze","9/11/18"
"Las chicas del cable: Seizoen 1: Hoofdstuk 8: Liefde","9/11/18"
"Las chicas del cable: Seizoen 1: Hoofdstuk 7: Verlies","8/11/18"
"Las chicas del cable: Seizoen 1: Hoofdstuk 6: Familie","7/11/18"
"Las chicas del cable: Seizoen 1: Hoofdstuk 5: Het verleden","7/11/18"
"Las chicas del cable: Seizoen 1: Hoofdstuk 4: Gevoelens","7/11/18"
"Las chicas del cable: Seizoen 1: Hoofdstuk 3: Leugens","6/11/18"
"Las chicas del cable: Seizoen 1: Hoofdstuk 2: Herinneringen","6/11/18"
"Las chicas del cable: Seizoen 1: Hoofdstuk 1: Dromen","5/11/18"
"Black Lightning: Seizoen 2: The	Book of Consequences: Hoofdstuk 3: Master Lowry","5/11/18"
"Dynasty: Seizoen 2: Snowflakes in Hell","4/11/18"
"Black Lightning: Seizoen 2: The	Book of Consequences: Hoofdstuk 2: Black Jesus Blues","2/11/18"
"Dynasty: Seizoen 2: The Butler Did It","30/10/18"
"Dynasty: Seizoen 1: I Only Exist For Me","30/10/18"
"Black Lightning: Seizoen 2: The Book of Consequences: Hoofdstuk 1: The Rise of the Green Light Babies","30/10/18"
"Accepted","20/10/18"
"Suits: Seizoen 6: P.S.L.","25/09/18"
"Suits: Seizoen 6: The Hand That Feeds You","25/09/18"
"Suits: Seizoen 6: Borrowed Time","25/09/18"
"Suits: Seizoen 6: Shake the Trees","25/09/18"
"Suits: Seizoen 6: Spain","25/09/18"
"Suits: Seizoen 6: Trust","25/09/18"
"Suits: Seizoen 6: Turn","24/09/18"
"Suits: Seizoen 6: Back on the Map","23/09/18"
"Suits: Seizoen 6: Accounts Payable","23/09/18"
"Suits: Seizoen 6: To Trouble","23/09/18"
"Suits: Seizoen 4: Not Just a Pretty Face","15/09/18"
"Suits: Seizoen 4: Intent","15/09/18"
"Suits: Seizoen 4: Derailed","15/09/18"
"Suits: Seizoen 4: Fork in the Road","14/09/18"
"Suits: Seizoen 4: Respect","11/09/18"
"Suits: Seizoen 4: Enough is Enough","11/09/18"
"Suits: Seizoen 4: This Is Rome","11/09/18"
"Suits: Seizoen 4: Gone","11/09/18"
"Flypaper","10/09/18"
"Suits: Seizoen 4: Exposure","10/09/18"
"Suits: Seizoen 4: We're Done","10/09/18"
"Suits: Seizoen 4: Litt the Hell Up","10/09/18"
"The Gambler","9/09/18"
"Suits: Seizoen 4: Pound of Flesh","7/09/18"
"Suits: Seizoen 4: Leveraged","7/09/18"
"Suits: Seizoen 4: Two in the Knees","6/09/18"
"Suits: Seizoen 4: Breakfast, Lunch and Dinner","6/09/18"
"Suits: Seizoen 4: One-Two-Three Go...","6/09/18"
"Suits: Seizoen 2: War","28/08/18"
"Suits: Seizoen 2: Normandy","28/08/18"
"Suits: Seizoen 2: He's Back","28/08/18"
"Suits: Seizoen 2: Zane vs. Zane","28/08/18"
"Suits: Seizoen 2: Blood in the Water","28/08/18"
"Suits: Seizoen 2: Blind-Sided","28/08/18"
"Suits: Seizoen 2: High Noon","28/08/18"
"Suits: Seizoen 2: Asterisk","27/08/18"
"Suits: Seizoen 2: Rewind","27/08/18"
"Suits: Seizoen 2: Sucker Punch","27/08/18"
"Suits: Seizoen 2: All In","27/08/18"
"Suits: Seizoen 2: Break Point","27/08/18"
"Rango","25/08/18"
"Inferno","25/08/18"
"Suits: Seizoen 2: Discovery","24/08/18"
"Money Monster","24/08/18"
"Game Over, Man!","23/08/18"
"Suits: Seizoen 2: Meet the New Boss","23/08/18"
"Suits: Seizoen 2: The Choice","23/08/18"
"Suits: Seizoen 2: She Knows","23/08/18"
"Suits: Seizoen 1: Dogfight","23/08/18"
"Bloodline: Seizoen 2: Deel 14","22/08/18"
"Bloodline: Seizoen 1: Deel 13","22/08/18"
"Bloodline: Seizoen 1: Deel 12","22/08/18"
"Bloodline: Seizoen 1: Deel 11","22/08/18"
"Suits: Seizoen 1: Rules of the Game","22/08/18"
"Suits: Seizoen 1: The Shelf Life","22/08/18"
"Suits: Seizoen 1: Undefeated","22/08/18"
"Suits: Seizoen 1: Identity Crisis","21/08/18"
"Suits: Seizoen 1: Play the Man","21/08/18"
"Suits: Seizoen 1: Tricks of the Trade","21/08/18"
"Suits: Seizoen 1: Bail Out","21/08/18"
"Suits: Seizoen 1: Dirty Little Secrets","20/08/18"
"Suits: Seizoen 1: Inside Track","20/08/18"
"Suits: Seizoen 1: Errors and Omissions","20/08/18"
"Suits: Seizoen 1: Pilotaflevering: Deel 1 & 2","20/08/18"
"Bloodline: Seizoen 1: Deel 10","18/08/18"
"Bloodline: Seizoen 1: Deel 9","18/08/18"
"Bloodline: Seizoen 1: Deel 8","18/08/18"
"Bloodline: Seizoen 1: Deel 7","18/08/18"
"Bloodline: Seizoen 1: Deel 6","16/08/18"
"The 100: Seizoen 5: Damocles: Deel 2","16/08/18"
"Orange Is the New Black: Seizoen 6: Be Free","16/08/18"
"Bloodline: Seizoen 1: Deel 5","15/08/18"
"Orange Is the New Black: Seizoen 6: Double Trouble","14/08/18"
"Orange Is the New Black: Seizoen 6: Well This Took a Dark Turn","14/08/18"
"Orange Is the New Black: Seizoen 6: Chocolate Chip Nookie","14/08/18"
"Bloodline: Seizoen 1: Deel 4","13/08/18"
"Bloodline: Seizoen 1: Deel 3","13/08/18"
"Dynasty: Seizoen 1: Guilt is for Insecure People","13/08/18"
"Dynasty: Seizoen 1: Rotten Things","13/08/18"
"Orange Is the New Black: Seizoen 6: Break the String","13/08/18"
"Orange Is the New Black: Seizoen 6: Gordons","13/08/18"
"Bloodline: Seizoen 1: Deel 2","11/08/18"
"Expelled","11/08/18"
"Orange Is the New Black: Seizoen 6: Changing Winds","10/08/18"
"Orange Is the New Black: Seizoen 6: State of the Uterus","10/08/18"
"Orange Is the New Black: Seizoen 6: Mischief Mischief","10/08/18"
"Orange Is the New Black: Seizoen 6: I'm the Talking Ass","10/08/18"
"Orange Is the New Black: Seizoen 6: Look Out for Number One","9/08/18"
"Orange Is the New Black: Seizoen 6: Sh*tstorm Coming","9/08/18"
"Orange Is the New Black: Seizoen 6: Who Knows Better Than I","9/08/18"
"Orange Is the New Black: Seizoen 5: Storm-y Weather","9/08/18"
"Bloodline: Seizoen 1: Deel 1","8/08/18"
"Orange Is the New Black: Seizoen 5: Tattoo You","8/08/18"
"Amazing Interiors: Seizoen 1: Luxury Penthouse, Cat House, Hockey Fan’s Dream","8/08/18"
"Amazing Interiors: Seizoen 1: Secret Boudoir, Ultimate Man Cave, Apocalypse Bunker","8/08/18"
"Amazing Interiors: Seizoen 1: Circus House, Recycled House, Sci-Fi Museum","8/08/18"
"Amazing Interiors: Seizoen 1: House of Horrors, History House, House of Cars","8/08/18"
"Amazing Interiors: Seizoen 1: Chicago Cubs Cave, Aquarium House, The Love Boat","8/08/18"
"Fast Five","8/08/18"
"Orange Is the New Black: Seizoen 5: Breaking the Fiberboard Ceiling","8/08/18"
"Orange Is the New Black: Seizoen 5: The Reverse Midas Touch","8/08/18"
"Orange Is the New Black: Seizoen 5: The Tightening","7/08/18"
"Orange Is the New Black: Seizoen 5: Tied to the Tracks","7/08/18"
"Orange Is the New Black: Seizoen 5: Full Bush, Half Snickers","7/08/18"
"Orange Is the New Black: Seizoen 5: Flaming Hot Cheetos, Literally","6/08/18"
"The Originals: Seizoen 5: When the Saints Go Marching In","6/08/18"
"The 100: Seizoen 5: Damocles: Deel 1","6/08/18"
"Orange Is the New Black: Seizoen 5: Sing It, White Effie","3/08/18"
"Orange Is the New Black: Seizoen 5: Litchfield's Got Talent","3/08/18"
"Orange Is the New Black: Seizoen 5: Pissters!","2/08/18"
"Orange Is the New Black: Seizoen 5: F*ck, Marry, Frieda","2/08/18"
"Orange Is the New Black: Seizoen 5: Riot FOMO","1/08/18"
"Sense8: Seizoen 1: Limbic Resonance","31/07/18"
"The Originals: Seizoen 5: The Tale of Two Wolves","31/07/18"
"Ozark: Seizoen 1: Sugarwood","30/07/18"
"Arrow: Seizoen 1: Pilot","30/07/18"
"The 100: Seizoen 5: The Dark Year","30/07/18"
"Dynasty: Seizoen 1: Dead Scratch","29/07/18"
"Dynasty: Seizoen 1: Trashy Little Tramp","29/07/18"
"Dynasty: Seizoen 1: A Line from the Past","29/07/18"
"Dynasty: Seizoen 1: Use or be Used","28/07/18"
"Dynasty: Seizoen 1: Don’t Con a Con Artist","28/07/18"
"Dynasty: Seizoen 1: Enter Alexis","28/07/18"
"Dynasty: Seizoen 1: Poor Little Rich Girl","28/07/18"
"American Reunion","28/07/18"
"Dynasty: Seizoen 1: Our Turn Now","27/07/18"
"Dynasty: Seizoen 1: The Gospel According to Blake Carrington","27/07/18"
"Dynasty: Seizoen 1: Nothing But Trouble","26/07/18"
"Dynasty: Seizoen 1: Promises You Can’t Keep","26/07/18"
"The Originals: Seizoen 5: 'Til the Day I Die","26/07/18"
"The Originals: Seizoen 5: There in the Disappearing Light","26/07/18"
"Dynasty: Seizoen 1: I Answer To No Man","25/07/18"
"Dynasty: Seizoen 1: A Well Dressed Tarantula","25/07/18"
"Dynasty: Seizoen 1: The Best Things In Life","23/07/18"
"Dynasty: Seizoen 1: A Taste of Your Own Medicine","23/07/18"
"The 100: Seizoen 5: The Warriors Will","23/07/18"
"The 100: Seizoen 5: Sic Semper Tyrannis","23/07/18"
"Dynasty: Seizoen 1: Company Slut","23/07/18"
"Dynasty: Seizoen 1: Private As A Circus","23/07/18"
"La casa de papel: Deel 1: Aflevering 2","22/07/18"
"Dynasty: Seizoen 1: Spit It Out","21/07/18"
"La casa de papel: Deel 1: Aflevering 1","18/07/18"
"Marvel's Luke Cage: Seizoen 2: Soul Brother #1","4/07/18"
"Peaky Blinders: Seizoen 1: Aflevering 1","27/06/18"
"Marcella: Seizoen 1: Aflevering 1","27/06/18"
"Pickpockets","27/06/18"
"Ibiza","25/06/18"
"La casa de papel: Deel 2: Aflevering 9","25/06/18"
"La casa de papel: Deel 2: Aflevering 8","25/06/18"
"Shooter: Seizoen 1: Point of Impact","24/06/18"
"La casa de papel: Deel 2: Aflevering 7","24/06/18"
"La casa de papel: Deel 2: Aflevering 6","24/06/18"
"La casa de papel: Deel 2: Aflevering 5","23/06/18"
"La casa de papel: Deel 2: Aflevering 4","23/06/18"
"La casa de papel: Deel 2: Aflevering 3","23/06/18"
"La casa de papel: Deel 2: Aflevering 2","21/06/18"
"La casa de papel: Deel 2: Aflevering 1","20/06/18"
"La casa de papel: Deel 1: Aflevering 13","12/06/18"
"La casa de papel: Deel 1: Aflevering 12","8/06/18"
"La casa de papel: Deel 1: Aflevering 11","7/06/18"
"La casa de papel: Deel 1: Aflevering 10","6/06/18"
"La casa de papel: Deel 1: Aflevering 9","4/06/18"
"La casa de papel: Deel 1: Aflevering 8","4/06/18"
"13 Reasons Why: Seizoen 2: Bye","2/06/18"
"La casa de papel: Deel 1: Aflevering 7","1/06/18"
"La casa de papel: Deel 1: Aflevering 6","1/06/18"
"La casa de papel: Deel 1: Aflevering 5","30/05/18"
"La casa de papel: Deel 1: Aflevering 4","30/05/18"
"13 Reasons Why: Seizoen 2: The Drunk Slut","25/05/18"
"13 Reasons Why: Seizoen 2: Two Girls Kissing","25/05/18"
"Gone Baby Gone","30/04/18"
"Newness","30/04/18"
"End of Watch","14/04/18"
"Safe","14/04/18"
"Drug Lords: Seizoen 1: Pablo Escobar","28/01/18"
"Broken City","28/01/18"
"Chaos","6/01/18"
"Dope: Seizoen 1: Once You See It, You Can Never Unsee It","6/01/18"
"Ride Along 2","6/01/18"
"Marmaduke","5/01/18"
"Bolt","5/01/18"
"Wanted","31/12/17"
"Back to the Future","27/12/17"
"Pain & Gain","27/12/17"
"Bright","24/12/17"
"The Saint","5/12/17"
"Falcon Rising","5/12/17"
"6 Days","3/12/17"
"Plan de fuga","27/11/17"
"Transcendence","23/11/17"
"Suburra: Seizoen 1: Slaap","20/11/17"
"Suburra: Seizoen 1: Gitzwart","20/11/17"
"American Ultra","19/11/17"
"Suburra: Seizoen 1: Een andere man","15/11/17"
"Er ist wieder da","13/11/17"
"Tracers","13/11/17"
"Suburra: Seizoen 1: De laatste klant","10/11/17"
"Suburra: Seizoen 1: Knoflook, olie en chilipaprika","10/11/17"
"Suburra: Seizoen 1: De wolvin","10/11/17"
"Suburra: Seizoen 1: Smakelijk","10/11/17"
"Stranger Things: Hoofdstuk 1: The Vanishing Of Will Byers","10/11/17"
"Suburra: Seizoen 1: Dolle honden","8/11/17"
"Borat","2/11/17"
"Geld","22/10/17"
"The Babysitter","22/10/17"
"Wheelman","22/10/17"
"Suburra: Seizoen 1: Patriciërs en plebejers","16/10/17"
"Narcos: Seizoen 3: Going Back to Cali","17/09/17"
"Narcos: Seizoen 3: Todos Los Hombres del Presidente","17/09/17"
"Narcos: Seizoen 3: Convivir","13/09/17"
"Narcos: Seizoen 3: Sin Salida","11/09/17"
"Narcos: Seizoen 3: Best Laid Plans","11/09/17"
"Narcos: Seizoen 3: MRO","11/09/17"
"Narcos: Seizoen 3: Checkmate","10/09/17"
"Narcos: Seizoen 3: Follow the Money","10/09/17"
"Narcos: Seizoen 3: The Cali KGB","10/09/17"
"Narcos: Seizoen 3: The Kingpin Strategy","9/09/17"
"Narcos: Seizoen 2: Free at Last","9/09/17"
"Four Brothers","3/09/17"
"The Visit","10/08/17"
"The World's End","10/08/17"
"John Tucker Must Die","8/08/17"
"Baby Boy","6/08/17"
"Icarus","6/08/17"
"The Hangover: Part II","3/08/17"
"Run All Night","1/08/17"
"21","6/07/17"
"Prison Break: Seizoen 2: Sweet Caroline","6/07/17"
"Blue Mountain State: Seizoen 1: It's Called Hazing, Look It Up","2/07/17"
"Machine Gun Preacher","2/07/17"
"Miami Vice","28/06/17"
"Fight Club","27/06/17"
"Sundown","25/06/17"
"The Late Bloomer","3/06/17"
"RED 2","21/05/17"
"The Experiment","21/05/17"
"Lord of War","21/05/17"
"Staten Island Summer","21/05/17"
"XOXO","21/05/17"
"Mongol","12/05/17"
"Marley","11/05/17"
"Cosmos: A Spacetime Odyssey: Seizoen 1: Some of the Things That Molecules Do","11/05/17"
"Cosmos: A Spacetime Odyssey: Seizoen 1: Standing up in the Milky Way","11/05/17"
"Cosmos: A Spacetime Odyssey: Seizoen 1: Unafraid of The Dark","4/05/17"
"Cosmos: A Spacetime Odyssey: Seizoen 1: When Knowledge Conquered Fear","4/05/17"
"The Code: Seizoen 1: Nature's Building Blocks","28/04/17"
"The Code: Seizoen 1: Magic Number","28/04/17"
"Particle Fever","26/04/17"
"Imperial Dreams","11/04/17"
"Win It All","7/04/17"
"Burning Sands","4/04/17"
"The Young Offenders","4/04/17"
"Unbroken","18/03/17"
"Limitless","4/03/17"
"American Pie Presents: The Book of Love","4/03/17"
"Operações Especiais","4/03/17"
"Aram, Aram","24/02/17"
"Un Prophète","12/02/17"
"Berlin Calling","4/02/17"
"Very Big Shot","17/01/17"
"Spijt!","17/01/17"
"A Man Apart","8/01/17"
"How I Spent My Summer Vacation","6/01/17"
"Jumper","5/01/17"
"Death Race","3/01/17"
"Spectral","3/01/17"
"8 Mile","1/01/17"
"The Jungle Book (2016)","28/12/16"
"Snitch","26/12/16"
"Marseille: Seizoen 1: De eindstrijd","18/12/16"
"Marseille: Seizoen 1: De verkiezing","18/12/16"
"Marseille: Seizoen 1: Vrijheid, gelijkheid, genadeloosheid","18/12/16"
"Marseille: Seizoen 1: De krachtmeting","18/12/16"
"Marseille: Seizoen 1: De hersenspoeling","18/12/16"
"Marseille: Seizoen 1: Krokodil","18/12/16"
"Marseille: Seizoen 1: De stroman","18/12/16"
"Marseille: Seizoen 1: 20 jaar","18/12/16"
"Brotherly Love","17/12/16"
"American Pie Presents Beta House","27/11/16"
"West Coast","20/11/16"
"The Concubine","11/11/16"
"Nymphomaniac: Part 1","11/11/16"
"A Teacher","11/11/16"
"Bad Boys","11/11/16"
"The Shawshank Redemption","11/11/16"
"Fifty Shades of Grey","11/11/16"
"The Reader","4/11/16"
"American Pie Presents: The Naked Mile","30/10/16"
"The Avengers","22/10/16"
"Percentage","19/10/16"
"Jimmy Carr: Funny Business","9/10/16"
"Notorious","30/09/16"
"Perdiendo el norte","30/09/16"
"Cidade de Deus: 10 Anos Depois","30/09/16"
"Narcos: Seizoen 2: Al Fin Cayó!","15/09/16"
"Narcos: Seizoen 2: Nuestra Finca","15/09/16"
"Narcos: Seizoen 2: Exit El Patrón","5/09/16"
"Narcos: Seizoen 2: Deutschland 93","4/09/16"
"Narcos: Seizoen 2: Cambalache","4/09/16"
"Narcos: Seizoen 2: Los Pepes","4/09/16"
"Narcos: Seizoen 2: The Enemies of My Enemy","4/09/16"
"Narcos: Seizoen 2: The Good, The Bad, and The Dead","4/09/16"
"Narcos: Seizoen 2: Our Man in Madrid","4/09/16"
"Kevin Hart: Seriously Funny","2/09/16"
"Fury","20/08/16"
"Old School","9/08/16"
"Talvar","9/08/16"
"Rebirth","17/07/16"
"Trailer Park Boys: Say Goodnight to the Bad Guys","16/07/16"
"Django Unchained","15/07/16"
"The Town","27/06/16"
"Prison Break: Seizoen 2: Wash","27/06/16"
"Prison Break: Seizoen 2: Bad Blood","27/06/16"
"Prison Break: Seizoen 2: Chicago","26/06/16"
"Prison Break: Seizoen 2: The Message","26/06/16"
"Prison Break: Seizoen 2: John Doe","26/06/16"
"Prison Break: Seizoen 2: The Killing Box","26/06/16"
"Prison Break: Seizoen 2: Disconnect","26/06/16"
"Prison Break: Seizoen 2: Bolshoi Booze","26/06/16"
"Prison Break: Seizoen 2: Rendezvous","25/06/16"
"Prison Break: Seizoen 2: Unearthed","25/06/16"
"Prison Break: Seizoen 2: Dead Fall","25/06/16"
"Prison Break: Seizoen 2: Buried","25/06/16"
"Prison Break: Seizoen 2: Subdivision","25/06/16"
"Prison Break: Seizoen 2: Map 1213","25/06/16"
"Prison Break: Seizoen 2: First Down","25/06/16"
"Prison Break: Seizoen 2: Scan","25/06/16"
"Prison Break: Seizoen 2: Otis","23/06/16"
"Prison Break: Seizoen 2: Manhunt","23/06/16"
"Prison Break: Seizoen 1: Flight","23/06/16"
"Prison Break: Seizoen 1: Go","30/05/16"
"Prison Break: Seizoen 1: Sleight of Hand","30/05/16"
"Prison Break: Seizoen 1: Tweener","30/05/16"
"Prison Break: Seizoen 1: The Old Head","30/05/16"
"Prison Break: Seizoen 1: Riots, Drills and the Devil: Deel 2","26/05/16"
"Prison Break: Seizoen 1: Riots, Drills and the Devil: Deel 1","25/05/16"
"Prison Break: Seizoen 1: English, Fitz or Percy","25/05/16"
"Prison Break: Seizoen 1: Cute Poison","25/05/16"
"Narcos: Seizoen 1: Despegue","25/05/16"
"Narcos: Seizoen 1: La Catedral","25/05/16"
"Narcos: Seizoen 1: The Sword of Simón Bolívar","25/05/16"
"Narcos: Seizoen 1: La Gran Mentira","24/05/16"
"Narcos: Seizoen 1: You Will Cry Tears of Blood","24/05/16"
"Narcos: Seizoen 1: Explosivos","24/05/16"
"Narcos: Seizoen 1: There Will Be a Future","24/05/16"
"Narcos: Seizoen 1: The Palace in Flames","24/05/16"
"Narcos: Seizoen 1: The Men of Always","23/05/16"
"John Wick","4/11/15"
" ","29/10/15"
"Life as We Know It","28/10/15"
"The Italian Job","28/10/15"
"Van Wilder","28/10/15"
"Brick Mansions","28/10/15"
"Eurotrip","26/10/15"
